protein,family
HES1,bHLH
E2F8,E2F
FEZF1,C2H2 ZF
ZNF316,C2H2 ZF
ZSCAN5C,C2H2 ZF
ZNF839,C2H2 ZF
ZNF785,C2H2 ZF
ZNF850,C2H2 ZF
ZNF891,C2H2 ZF
ZNF724P,Krueppel C2H2-type zinc-finger protein family
CENPBD1,CENPB
ZBTB42,C2H2 ZF
ZNF576,C2H2 ZF
ZNF879,C2H2 ZF
ZNF878,C2H2 ZF
OVOL3,C2H2 ZF
ARNTL,bHLH
MEIS1,Homeodomain
NR5A2,Nuclear receptor
NFIB,SMAD
E2F3,E2F
BHLHE40,bHLH
TRAFD1,C2H2 ZF
CDX4,Homeodomain
CHD1,Unknown
CHD2,Myb/SANT
ZNF197,C2H2 ZF
OVOL1,C2H2 ZF
MEIS2,Homeodomain
POLR3A,Unknown
KLF11,C2H2 ZF
ZNF263,C2H2 ZF
ZNF609,C2H2 ZF
ZNF646,C2H2 ZF
ZBTB39,C2H2 ZF
ZBTB5,C2H2 ZF
SMAD7,SMAD
TBX3,T-box
ZBTB7B,C2H2 ZF
PLSCR1,Unknown
TRIM24,Unknown
SMAD9,SMAD
NKRF,Unknown
POLR3G,Eukaryotic RPC7 RNA polymerase subunit family
YY2,C2H2 ZF
FOXP2,Forkhead
CLOCK,bHLH
MAFG,bZIP
ZSCAN9,C2H2 ZF
KDM6A,UTX family
ZBTB24,C2H2 ZF; AT hook
ZNF264,C2H2 ZF
ZBTB43,C2H2 ZF
ZSCAN12,C2H2 ZF
ZNF749,C2H2 ZF
HOXA3,Homeodomain
THAP12,THAP finger
KLF4,C2H2 ZF
SNAI2,C2H2 ZF
FOXS1,Forkhead
ZBTB14,C2H2 ZF
CREB3,bZIP
RAD21,Unknown
SOX15,HMG/Sox
ZEB2,C2H2 ZF; Homeodomain
HBP1,HMG/Sox
CREBL2,bZIP
CCNT2,Unknown
MAFK,bZIP
MITF,bHLH
ZNF623,C2H2 ZF
ZBED4,BED ZF
TSC22D2,Unknown
ZNF780A,C2H2 ZF
ZNF253,C2H2 ZF
ZNF217,C2H2 ZF
ZNF737,C2H2 ZF
DEAF1,SAND
SAP30,SAP30 family
E2F6,E2F
ZNF324,C2H2 ZF
PRDM1,C2H2 ZF
ZNF189,C2H2 ZF
KLF7,C2H2 ZF
SNAPC5,Unknown
ZNF432,C2H2 ZF
TOX,HMG/Sox
NFAT5,Rel
ZNF202,C2H2 ZF
ZNF205,C2H2 ZF
SPDEF,Ets
MBD4,MBD
ZBTB7A,C2H2 ZF
ZIC2,C2H2 ZF
KLF8,C2H2 ZF
ZBTB11,C2H2 ZF
NFATC1,Rel
ESRRB,Nuclear receptor
SNAI1,C2H2 ZF
TBX18,T-box
ONECUT2,CUT; Homeodomain
PTTG1,Unknown
ZBED1,BED ZF
FOS,bZIP
MYC,bHLH
ESR1,Nuclear receptor
NR3C1,Nuclear receptor
TP53,p53
JUN,bZIP
AP2A,AP-2
ZFY,C2H2 ZF
NFIC,SMAD
HOXB5,Homeodomain
POU2F2,Homeodomain; POU
HOXB7,Homeodomain
RHOXF2B,Homeodomain
ZNF883,C2H2 ZF
ZNF865,C2H2 ZF
GLI2,C2H2 ZF
ZSCAN22,C2H2 ZF
ZBTB48,C2H2 ZF
GLI4,C2H2 ZF
MYBL2,Myb/SANT
AR,Nuclear receptor
NR2F6,Nuclear receptor
NR2F1,Nuclear receptor
RARB,Nuclear receptor
THRA,Nuclear receptor
THRB,Nuclear receptor
IRF1,IRF
EGR2,C2H2 ZF
ESRRA,Nuclear receptor
SRF,MADS box
SKIL,Unknown
XRCC5,Ku80 family
NR2C1,Nuclear receptor
RARG,Nuclear receptor
IRF2,IRF
POU2F1,Homeodomain; POU
ETS1,Ets
ETS2,Ets
ATF2,bZIP
FOSL1,bZIP
FOSL2,bZIP
ZNF44,C2H2 ZF
HIVEP1,C2H2 ZF
TCF4,bHLH
TCF3,bHLH
GATA1,GATA
CREB1,bZIP
ZNF12,C2H2 ZF
ZNF16,C2H2 ZF
ZNF17,C2H2 ZF
ZNF18,C2H2 ZF
ZNF19,C2H2 ZF
ZNF20,C2H2 ZF
ZNF23,C2H2 ZF
ZNF24,C2H2 ZF
ZKSCAN1,C2H2 ZF
ZNF25,C2H2 ZF
ZNF26,C2H2 ZF
ZNF37A,C2H2 ZF
ZNF3,C2H2 ZF
ZNF30,C2H2 ZF
ZSCAN20,C2H2 ZF
ZNF7,C2H2 ZF
ZNF8,C2H2 ZF
JUNB,bZIP
UBTF,HMG/Sox
JUND,bZIP
TAL1,bHLH
CEBPB,bZIP
XBP1,bZIP
SPI1,Ets
EGR1,C2H2 ZF
NELFE,RRM NELF-E family
ATF1,bZIP
ATF3,bZIP
ATF4,bZIP
ATF6,bZIP
ELK1,Ets
TFE3,bHLH
WT1,C2H2 ZF
RXRA,Nuclear receptor
TBP,TBP
HOXA5,Homeodomain
BCL3,Unknown
HNF1A,Homeodomain
ZNF10,C2H2 ZF
TAF1,Unknown
USF1,bHLH
RFX1,RFX
NR4A1,Nuclear receptor
SFPQ,Unknown
NFYA,CBF/NF-Y
GATA2,GATA
GATA3,GATA
ZBTB25,C2H2 ZF
NR2F2,Nuclear receptor
POLR2A,Unknown
NFYB,Unknown
YY1,C2H2 ZF
ARNT,bHLH
ELK4,Ets
TEAD1,TEA
MZF1,C2H2 ZF
RXRB,Nuclear receptor
ARID4A,ARID/BRIGHT
JARID1A,JARID1 histone demethylase family
PML,Unknown
HOXA10,Homeodomain
HOXA7,Homeodomain
HOXA9,Homeodomain
OTX1,Homeodomain
OTX2,Homeodomain
ELF1,Ets
BMI1,Unknown
GTF2F1,Unknown
RORA,Nuclear receptor
HOXD13,Homeodomain
MSX2,Homeodomain
DDIT3,bZIP
HNF1B,Homeodomain
SOX5,HMG/Sox
SOX6,HMG/Sox
SOX18,HMG/Sox
AHR,bHLH
TCF7,HMG/Sox
ZNF76,C2H2 ZF
SREBF1,bHLH
PPARG,Nuclear receptor
ZEB1,C2H2 ZF; Homeodomain
BRCA1,Unknown
PBX1,Homeodomain
PBX2,Homeodomain
PBX3,Homeodomain
STAT3,STAT
ETV5,Ets
BCL6,C2H2 ZF
ETV6,Ets
HNF4A,Nuclear receptor
ELK3,Ets
STAT1,STAT
STAT6,STAT
STAT5A,STAT
ETV4,Ets
GATA4,GATA
RFX3,RFX
RFX5,RFX
NR2C2,Nuclear receptor
CTCF,C2H2 ZF
CEBPA,bZIP
CEBPD,bZIP
ZNF165,C2H2 ZF
MNX1,Homeodomain
MXI1,bHLH
ETV1,Ets
ZNF83,C2H2 ZF
ZNF84,C2H2 ZF
BRG1,SNF2/RAD54 helicase family
STAT5B,STAT
ZNF157,C2H2 ZF
ZNF41,C2H2 ZF
ZNF75D,C2H2 ZF
AFF1,Unknown
NR0B1,Unknown
STAT2,STAT
ZNF133,C2H2 ZF
ZNF140,C2H2 ZF
ZNF132,C2H2 ZF
ZNF134,C2H2 ZF
ZNF138,C2H2 ZF
ZNF142,C2H2 ZF
ZNF143,C2H2 ZF
HMGA2,AT hook
CEBPG,bZIP
TERF1,Myb/SANT
NRL,bZIP
NR1H2,Nuclear receptor
MLLT10,Unknown
FOXA1,Forkhead
FOXA3,Forkhead
PKNOX1,Homeodomain
DLX6,Homeodomain
MAZ,C2H2 ZF
CTBP2,Unknown
PRDM15,C2H2 ZF
ZNF121,C2H2 ZF
ZNF280A,C2H2 ZF
ZNF445,C2H2 ZF
MAX,bHLH
ISL1,Homeodomain
HNRNPK,Unknown
TBPL1,TBP
ESRRG,Nuclear receptor
YBX1,CSD
PITX1,Homeodomain
GTF2I,GTF2I-like
IRX3,Homeodomain
CBX1,Unknown
SMAD3,SMAD
FOXK1,Forkhead
ZXDB,C2H2 ZF
FOXO4,Forkhead
TFAM,HMG/Sox
GTF2B,Unknown
HSF1,HSF
NFKB2,Rel
IRF9,IRF
E2F1,E2F
FOXK2,Forkhead
RUNX1,Runt
RELB,Rel
TFAP4,bHLH
POU5F1,Homeodomain; POU
MEF2A,MADS box
MEF2B,MADS box
SP2,C2H2 ZF
SP4,C2H2 ZF
SP3,C2H2 ZF
ID3,bHLH
PAX5,Paired box
CREB5,bZIP
HHEX,Homeodomain
CREM,bZIP
MLLT1,Unknown
MECOM,C2H2 ZF
PPARD,Nuclear receptor
CEBPZ,Unknown
HSF2,HSF
RELA,Rel
EMX1,Homeodomain
REL,Rel
SRY,HMG/Sox
MXD1,bHLH
RBPJ,CSL
MEF2C,MADS box
GABPA,Ets
GABPB1,Unknown
PAX8,Paired box
ZNF33A,C2H2 ZF
ZNF33B,C2H2 ZF
PPARA,Nuclear receptor
FOXM1,Forkhead
ZNF616,C2H2 ZF
ZNF543,C2H2 ZF
EP300,Unknown
ZNF816,C2H2 ZF
DBP,bZIP
TEF,bZIP
HMGXB3,HMG/Sox
SREBF2,bHLH
FOXO1,Forkhead
TFCP2,Grainyhead
ERG,Ets
INI1,SNF5 family
NFIA,SMAD
TCF15,bHLH
ZNF155,C2H2 ZF
FOXF2,Forkhead
FOXC1,Forkhead
NFATC3,Rel
PRDM2,C2H2 ZF
ZBTB17,C2H2 ZF
KLF10,C2H2 ZF
REST,C2H2 ZF
RLF,C2H2 ZF
CBX3,Unknown
TBX2,T-box
TRIM28,Unknown
NR5A1,Nuclear receptor
KLF1,C2H2 ZF
ZNF211,C2H2 ZF
ILK,"Protein kinase superfamily, TKL Ser/Thr protein kinase family"
IKZF1,C2H2 ZF
SMAD4,SMAD
HDAC1,Unknown
NEUROD1,bHLH
IRF5,IRF
RUNX3,Runt
KLF9,C2H2 ZF
KLF5,C2H2 ZF
CUX1,CUT; Homeodomain
CBFB,Unknown
NFYC,Unknown
VEZF1,C2H2 ZF
TFDP1,E2F
TFDP2,E2F
ZMYM3,MYM-type ZF
E2F2,E2F
TRIM25,Unknown
HIC1,C2H2 ZF
HNF4G,Nuclear receptor
ZNF266,C2H2 ZF
ZNF234,C2H2 ZF
ZNF235,C2H2 ZF
ZNF460,C2H2 ZF
IRF3,IRF
CBX2,AT hook
MEF2D,MADS box
POU6F1,Homeodomain; POU
ARID5B,ARID/BRIGHT
MTF1,C2H2 ZF
DRAP1,Unknown
ZNF169,C2H2 ZF
NFATC4,Rel
NFIX,SMAD
SUZ12,Unknown
SETDB1,MBD
ZNF146,C2H2 ZF
EEA1,C2H2 ZF
RBBP5,Unknown
IRF4,IRF
E2F5,E2F
NR0B2,Unknown
SIX1,Homeodomain
TAF7,Unknown
TEAD4,TEA
TEAD2,TEA
HMGN3,HMG/Sox
ZNF174,C2H2 ZF
TSC22D1,Unknown
ELF2,Ets
ZKSCAN8,C2H2 ZF
SMAD2,SMAD
SMAD1,SMAD
USF2,bHLH
EZH2,Unknown
ZBTB6,C2H2 ZF
ZNF77,C2H2 ZF
ZNF79,C2H2 ZF
ZNF124,C2H2 ZF
NFE2L2,bZIP
E2F4,E2F
BATF,bZIP
HLF,bZIP
ZNF239,C2H2 ZF
NFE2,bZIP
NFIL3,bZIP
NRF1,Unknown
IFI16,Unknown
ZSCAN26,C2H2 ZF
ZNF827,C2H2 ZF
TIGD6,CENPB
RFX7,RFX
ZNF423,C2H2 ZF
ISX,Homeodomain
ZNF181,C2H2 ZF
ZNF674,C2H2 ZF
ZXDC,C2H2 ZF
ZNF800,C2H2 ZF
ZNF699,C2H2 ZF
LRRFIP1,Unknown
ZNF791,C2H2 ZF
ZNF792,C2H2 ZF
ZSCAN23,C2H2 ZF
ZIK1,C2H2 ZF
ZNF260,C2H2 ZF
ZNF404,C2H2 ZF
ZNF672,C2H2 ZF
GLYR1,AT hook
ZBED5,BED ZF
MTERF2,mTERF
ARID4B,ARID/BRIGHT
ZNF585B,C2H2 ZF
ZNF394,C2H2 ZF
ZNF766,C2H2 ZF
ZNF311,C2H2 ZF
KLF17,C2H2 ZF
ZNF484,C2H2 ZF
ZNF569,C2H2 ZF
ZNF678,C2H2 ZF
SNAPC4,Myb/SANT
ZNF362,C2H2 ZF
ZBTB37,C2H2 ZF
ZNF697,C2H2 ZF
AHDC1,AT hook
ZNF658,C2H2 ZF
ZNF468,C2H2 ZF
GFI1B,C2H2 ZF
ZNF318,C2H2 ZF
ZNF691,C2H2 ZF
ZMYM4,MYM-type ZF
RNF219,bZIP
E4F1,C2H2 ZF
KIAA2018,Unknown
ZNF776,C2H2 ZF
ZNF626,C2H2 ZF
ZNF772,C2H2 ZF
ZNF57,C2H2 ZF
ZNF518A,C2H2 ZF
ZNF660,C2H2 ZF
TIGD3,CENPB
SP5,C2H2 ZF
ZNF770,C2H2 ZF
GRHL2,Grainyhead
ZNF425,C2H2 ZF
LIN54,TCR/CxC
ZNF280D,C2H2 ZF
ZSCAN25,C2H2 ZF
HMBOX1,Homeodomain
ZNF746,C2H2 ZF
ZNF544,C2H2 ZF
ZNF343,C2H2 ZF
CC2D1A,Unknown
ZNF529,C2H2 ZF
ZFP1,C2H2 ZF
ZNF530,C2H2 ZF
ZNF549,C2H2 ZF
ZNF449,C2H2 ZF
FBXL19,CxxC
ZNF790,C2H2 ZF
ZNF773,C2H2 ZF
ZNF562,C2H2 ZF
LBX2,Homeodomain
CERS6,Homeodomain
ZNF782,C2H2 ZF
AEBP2,C2H2 ZF
ZNF841,C2H2 ZF
BNC2,C2H2 ZF
ZNF574,C2H2 ZF
NFXL1,NFX
ZNF704,C2H2 ZF
ZNF600,C2H2 ZF
ZNF788,C2H2 ZF
ZBTB49,C2H2 ZF
ZNF621,C2H2 ZF
TSHZ1,C2H2 ZF
PAXIP1,Unknown
BHLHA15,bHLH
ZNF367,C2H2 ZF
ZNF720,Unknown
ZNF551,C2H2 ZF
ZNF550,C2H2 ZF
ZNF572,C2H2 ZF
ZNF571,C2H2 ZF
AKNA,AT hook
MTERF4,mTERF
ZBTB33,C2H2 ZF
ZNF605,C2H2 ZF
ZNF329,C2H2 ZF
ZNF546,C2H2 ZF
ZNF589,C2H2 ZF
ZBTB46,C2H2 ZF
MYPOP,Myb/SANT
ZSCAN30,C2H2 ZF
ZNF227,C2H2 ZF
ZNF761,C2H2 ZF
ZNF677,C2H2 ZF
ZNF354C,C2H2 ZF
DZIP1,C2H2 ZF
ZNF280B,C2H2 ZF
ZNF584,C2H2 ZF
FOXP4,Forkhead
ZNF547,C2H2 ZF
ARID3B,ARID/BRIGHT
ZNF695,C2H2 ZF
ZSCAN29,C2H2 ZF
HOMEZ,Homeodomain
ZZZ3,Myb/SANT
TRIM22,Unknown
ZNF34,C2H2 ZF
RCOR2,Myb/SANT
ZNF101,C2H2 ZF
ZNF654,C2H2 ZF
ZNF444,C2H2 ZF
ZFP82,C2H2 ZF
BCL6B,C2H2 ZF
ZNF567,C2H2 ZF
SIX5,Homeodomain
ZNF687,C2H2 ZF
BATF2,bZIP
ZNF710,C2H2 ZF
ZNF619,C2H2 ZF
OSR2,C2H2 ZF
ZNF786,C2H2 ZF
ZNF664,C2H2 ZF
PHTF2,Unknown
LCORL,Pipsqueak
ZNF843,C2H2 ZF
ZNF276,C2H2 ZF
ZNF561,C2H2 ZF
ZGPAT,CCCH ZF
ZC3H8,CCCH ZF
ZBTB2,C2H2 ZF
SIRT6,Unknown
ZNF655,C2H2 ZF
ZNF645,C2H2 ZF
ZNF433,C2H2 ZF
ZNF713,C2H2 ZF
ZNF614,C2H2 ZF
ZNF781,C2H2 ZF
ZNF513,C2H2 ZF
ZNF615,C2H2 ZF
ZFP41,C2H2 ZF
ZNF441,C2H2 ZF
SP1,C2H2 ZF
ZNF709,C2H2 ZF
ZNF557,C2H2 ZF
ZNF565,C2H2 ZF
ZNF610,C2H2 ZF
ZNF383,C2H2 ZF
THAP8,THAP finger
ZSCAN4,C2H2 ZF
ZNF511,C2H2 ZF
ZNF527,C2H2 ZF
ZFP62,C2H2 ZF
GLIS1,C2H2 ZF
ZNF114,C2H2 ZF
ZNF784,C2H2 ZF
ZNF485,C2H2 ZF
ZBTB34,C2H2 ZF
ZBTB44,C2H2 ZF
ZNF280C,C2H2 ZF
ZNF248,C2H2 ZF
ZNF740,C2H2 ZF
GLIS3,C2H2 ZF
ZNF548,C2H2 ZF
ZNF680,C2H2 ZF
FAM48A,SPT20 family
ZNF555,C2H2 ZF
ZNF397,C2H2 ZF
ARID1B,ARID/BRIGHT
DMBX1,Homeodomain
CTCFL,C2H2 ZF
ZNF563,C2H2 ZF
GABPB2,Unknown
BAF170,SMARCC family
ZNF671,C2H2 ZF
OSR1,C2H2 ZF
ZSCAN18,C2H2 ZF
ZNF564,C2H2 ZF
ZNF596,C2H2 ZF
ZNF507,C2H2 ZF
ZNF398,C2H2 ZF
SP7,C2H2 ZF
ZNF431,C2H2 ZF
ZNF483,C2H2 ZF
ZFP90,C2H2 ZF
ZNF526,C2H2 ZF
ZNF384,C2H2 ZF
ZNF473,C2H2 ZF
GTF3C2,Unknown
ZNF296,C2H2 ZF
GLMP,Unknown
GATAD2B,GATA
THAP4,THAP finger
CSRNP3,Unknown
TFAP2B,AP-2
ZNF592,C2H2 ZF
RORB,Nuclear receptor
AP2C,AP-2
RREB1,C2H2 ZF
HDAC2,Unknown
PROX1,Prospero
HOXB13,Homeodomain
BAF155,SMARCC family
DLX4,Homeodomain
BRF1,Unknown
ISL2,Homeodomain
FUBP1,Unknown
ZUFSP,C2H2 ZF
E2F7,E2F
CREB3L1,bZIP
NACC2,Unknown
ZBTB8A,C2H2 ZF
ZNF775,C2H2 ZF
ZBTB9,C2H2 ZF
ZNF707,C2H2 ZF
ZNF501,C2H2 ZF
ZBTB10,C2H2 ZF
ZNF837,C2H2 ZF
THAP11,THAP finger
ZNF503,C2H2 ZF
ZNF274,C2H2 ZF
ZNF764,C2H2 ZF
FUBP3,Unknown
ZNF414,C2H2 ZF
ZNF496,C2H2 ZF
HIC2,C2H2 ZF
ZNF333,C2H2 ZF
ZNF462,C2H2 ZF
CHAMP1,C2H2 ZF
LCOR,Pipsqueak
ZFP91,C2H2 ZF
ZNF668,C2H2 ZF
ZNF514,C2H2 ZF
ZNF521,C2H2 ZF
ZNF512B,C2H2 ZF
ZNF354B,C2H2 ZF
ZSCAN31,C2H2 ZF
ZNF597,C2H2 ZF
ZNF512,C2H2 ZF; BED ZF
ZNF488,C2H2 ZF
ZNF560,C2H2 ZF
ZNF778,C2H2 ZF
ZNF48,C2H2 ZF
ZNF75A,C2H2 ZF
ZNF396,C2H2 ZF
ZNF583,C2H2 ZF
ZNF558,C2H2 ZF
ZNF570,C2H2 ZF
ZFP3,C2H2 ZF
TOX2,HMG/Sox
TRERF1,C2H2 ZF; Myb/SANT
ZNF317,C2H2 ZF
WHIP,"AAA ATPase family, RarA/MGS1/WRNIP1 subfamily"
CSRNP1,Unknown
ZNF347,C2H2 ZF
ZNF607,C2H2 ZF
ATOH8,bHLH
ZNF382,C2H2 ZF
SIN3A,Unknown
INSM2,C2H2 ZF
TCF12,bHLH
CDC5L,Myb/SANT
RNF2,Unknown
MNT,bHLH
TEAD3,TEA
ELF4,Ets
KLF6,C2H2 ZF
PHB2,Unknown
ZNF184,C2H2 ZF
GFI1,C2H2 ZF
SMAD5,SMAD
NKX3-1,Homeodomain
PRRX2,Homeodomain
ARID3A,ARID/BRIGHT
BDP1,Unknown
HINFP,C2H2 ZF
ZNF251,C2H2 ZF
OVOL2,C2H2 ZF
ZKSCAN3,C2H2 ZF
ZNF670,C2H2 ZF
ZNF2,C2H2 ZF
ZNF577,C2H2 ZF
THAP7,THAP finger
MTA3,Myb/SANT; GATA
ZNF692,C2H2 ZF
ZSCAN5A,C2H2 ZF
ZNF426,C2H2 ZF
ZNF747,C2H2 ZF
MXD3,bHLH
ZNF416,C2H2 ZF
SCRT1,C2H2 ZF
BACH1,bZIP
KLF16,C2H2 ZF
ZNF717,C2H2 ZF
HDAC8,Unknown
ZNF341,C2H2 ZF
BACH2,bZIP
GLIS2,C2H2 ZF
TBLR1,WD repeat EBI family
FOXQ1,Forkhead
ZFHX2,Homeodomain
ZNF518B,C2H2 ZF
ZNF436,C2H2 ZF
ZNF407,C2H2 ZF
BCL11B,C2H2 ZF
TGIF2,Homeodomain
ZNF350,C2H2 ZF
HOXD1,Homeodomain
MAF1,MAF1 family
ZNF700,C2H2 ZF
GZF1,C2H2 ZF
BCL11A,C2H2 ZF
CSRNP2,Unknown
ZFYVE20,Unknown
ADNP,Homeodomain
IKZF4,C2H2 ZF
MIXL1,Homeodomain
TP63,p53
ZHX3,Homeodomain
ZSCAN16,C2H2 ZF
ZNF644,C2H2 ZF
ZBTB3,C2H2 ZF
THAP9,THAP finger
IKZF5,C2H2 ZF
ZNF552,C2H2 ZF
ZNF696,C2H2 ZF
ZMAT4,C2H2 ZF
ZNF430,C2H2 ZF
ZNF395,C2H2 ZF
SP140L,SAND
ZNF408,C2H2 ZF
NANOG,Homeodomain
ZNF556,C2H2 ZF
MLXIP,bHLH
BRF2,Unknown
SP110,SAND
PATZ1,C2H2 ZF; AT hook
ARNT2,bHLH
GPBP1L1,Unknown
ZBTB20,C2H2 ZF
ZNF532,C2H2 ZF
ZNF160,C2H2 ZF
ZBTB26,C2H2 ZF
ZFP14,C2H2 ZF
GPN1,GPN-loop GTPase family
PREB,Unknown
HMG20A,HMG/Sox
MYNN,C2H2 ZF
SCRT2,C2H2 ZF
HEYL,bHLH
TCF7L1,HMG/Sox
TCF7L2,HMG/Sox
PRDM10,C2H2 ZF
PRDM6,C2H2 ZF
ZNF331,C2H2 ZF
ZNF302,C2H2 ZF
TSHZ2,C2H2 ZF
ZNF277,C2H2 ZF; BED ZF
ARHGAP35,Unknown
TOPORS,Unknown
SALL1,C2H2 ZF
ZNF275,C2H2 ZF
ZFP64,C2H2 ZF
ZBTB40,C2H2 ZF
ZNF701,C2H2 ZF
ATAD3A,AAA ATPase family
THAP1,THAP finger
ZNF446,C2H2 ZF
CHCHD3,Unknown
ZSCAN32,C2H2 ZF
ZNF586,C2H2 ZF
HOXC10,Homeodomain
BCLAF1,Unknown
RBAK,C2H2 ZF
EHF,Ets
GRHL1,Grainyhead
ZNF224,C2H2 ZF
FOXJ2,Forkhead
HMG20B,HMG/Sox
ZBTB4,C2H2 ZF
POGK,Brinker
ZFAT,C2H2 ZF
ZNF319,C2H2 ZF
ZNF624,C2H2 ZF
RERE,Myb/SANT; GATA
ZNF219,C2H2 ZF
ONECUT1,CUT; Homeodomain
PGC1A,Unknown
HDAC6,Unknown
ZMYM2,MYM-type ZF
ZNF70,C2H2 ZF
ZNF212,C2H2 ZF
ZNF282,C2H2 ZF
ZMAT5,CCCH ZF
ZNF629,C2H2 ZF
CGGBP1,Unknown
PLU1,JARID1 histone demethylase family
HMGXB4,HMG/Sox
EBF1,EBF1
MLX,bHLH
AFF4,Unknown
DACH1,Unknown
ZNF639,C2H2 ZF
ZNF230,C2H2 ZF
BAZ2A,MBD; AT hook
KLF15,C2H2 ZF
MBD1,MBD; CxxC ZF
SIX4,Homeodomain
ZFP69B,C2H2 ZF
ZNF391,C2H2 ZF
LEF1,HMG/Sox
ZNF112,C2H2 ZF
ZNF180,C2H2 ZF
ZNF225,C2H2 ZF
ZNF223,C2H2 ZF
ZNF221,C2H2 ZF
ZNF580,C2H2 ZF
GMEB2,SAND
RCOR1,Myb/SANT
PRDM4,C2H2 ZF
IKZF2,C2H2 ZF
IKZF3,C2H2 ZF
ZHX1,Homeodomain
TBX21,T-box
TCFL5,bHLH
ZNF215,C2H2 ZF
ZNF214,C2H2 ZF
ZNF777,C2H2 ZF
ZNF608,C2H2 ZF
ZBTB21,C2H2 ZF
ZMIZ1,Unknown
ZNF490,C2H2 ZF
MAFF,bZIP
SOX13,HMG/Sox
ZNF232,C2H2 ZF
PHF8,"JHDM1 histone demethylase family, JHDM1D subfamily"
FOXJ3,Forkhead
SATB2,CUT; Homeodomain
SMC3,Unknown
ZNF148,C2H2 ZF
DMTF1,Myb/SANT
FOXA2,Forkhead
ATF5,bZIP
ZNF652,C2H2 ZF
MYRF,Ndt80/PhoG
ZFP30,C2H2 ZF
ZNF510,C2H2 ZF
ZKSCAN5,C2H2 ZF
ZNF256,C2H2 ZF
ZNF257,C2H2 ZF
ZNF281,C2H2 ZF
KLF13,C2H2 ZF
ZBTB12,C2H2 ZF
ZNF337,C2H2 ZF
TSC22D4,Unknown
SALL2,C2H2 ZF
ZNF175,C2H2 ZF
KLF12,C2H2 ZF
ZSCAN21,C2H2 ZF
HEY1,bHLH
NR2E3,Nuclear receptor
GMEB1,SAND
ZFP37,C2H2 ZF
ZHX2,Homeodomain
TR4,Nuclear receptor
UBF,HMG/Sox
SREBP1,bHLH
ERR1,Nuclear receptor
NRSF,C2H2 ZF
P300,Unknown
KAP1,Unknown